{"@context":{"@language":"en","@vocab":"https://schema.org/","citeAs":"cr:citeAs","column":"cr:column","conformsTo":"dct:conformsTo","cr":"http://mlcommons.org/croissant/","rai":"http://mlcommons.org/croissant/RAI/","data":{"@id":"cr:data","@type":"@json"},"dataType":{"@id":"cr:dataType","@type":"@vocab"},"dct":"http://purl.org/dc/terms/","examples":{"@id":"cr:examples","@type":"@json"},"extract":"cr:extract","field":"cr:field","fileProperty":"cr:fileProperty","fileObject":"cr:fileObject","fileSet":"cr:fileSet","format":"cr:format","includes":"cr:includes","isLiveDataset":"cr:isLiveDataset","jsonPath":"cr:jsonPath","key":"cr:key","md5":"cr:md5","parentField":"cr:parentField","path":"cr:path","recordSet":"cr:recordSet","references":"cr:references","regex":"cr:regex","repeated":"cr:repeated","replace":"cr:replace","sc":"https://schema.org/","separator":"cr:separator","source":"cr:source","subField":"cr:subField","transform":"cr:transform"},"@type":"sc:Dataset","conformsTo":"http://mlcommons.org/croissant/1.0","dateCreated":"2015-05-25T20:58:37","description":"**Author**: James Cope, Thibaut Beghin, Paolo Remagnino, Sarah Barman.  \n**Source**: [UCI](https://archive.ics.uci.edu/ml/datasets/One-hundred+plant+species+leaves+data+set) - 2010   \n**Please cite**: Charles Mallah, James Cope, James Orwell. Plant Leaf Classification Using Probabilistic Integration of Shape, Texture and Margin Features. Signal Processing, Pattern Recognition and Applications, in press. 2013.     \n\n### Description\n\nOne-hundred plant species leaves dataset (Class = Shape).\n \n### Sources\n```\n   (a) Original owners of colour Leaves Samples:\n\n James Cope, Thibaut Beghin, Paolo Remagnino, Sarah Barman.  \n The colour images are not included.  \n The Leaves were collected in the Royal Botanic Gardens, Kew, UK.  \n email: james.cope@kingston.ac.uk  \n   \n   (b) This dataset consists of work carried out by James Cope, Charles Mallah, and James Orwell.  \n Donor of database Charles Mallah: charles.mallah@kingston.ac.uk; James Cope:  james.cope@kingston.ac.uk  \n```\n\n### Dataset Information\n\nThe original data directory contains the binary images (masks) of the leaf samples (colour images not included).\nThere are three features for each image: Shape, Margin and Texture.\nFor each feature, a 64 element vector is given per leaf sample.\nThese vectors are taken as a contiguous descriptor (for shape) or histograms (for texture and margin).\nSo, there are three different files, one for each feature problem:  \n * 'data_Sha_64.txt' -> prediction based on shape [**dataset provided here**]\n * 'data_Tex_64.txt' -> prediction based on texture\n * 'data_Mar_64.txt' -> prediction based on margin  \n\nEach row has a 64-element feature vector followed by the Class label.\nThere is a total of 1600 samples with 16 samples per leaf class (100 classes), and no missing values.\n\n### Attributes Information\n\nThree 64 element feature vectors per sample.\n\n### Relevant Papers\n\nCharles Mallah, James Cope, James Orwell. \nPlant Leaf Classification Using Probabilistic Integration of Shape, Texture and Margin Features. \nSignal Processing, Pattern Recognition and Applications, in press.\n\nJ. Cope, P. Remagnino, S. Barman, and P. Wilkin.\nPlant texture classification using gabor co-occurrences.\nAdvances in Visual Computing,\npages 699-677, 2010.\n\nT. Beghin, J. Cope, P. Remagnino, and S. Barman.\nShape and texture based plant leaf classification. \nIn: Advanced Concepts for Intelligent Vision Systems,\npages 345-353. Springer, 2010.","isAccessibleForFree":true,"keywords":["Biology","Botany","Data Science","Environmental Science","OpenML100","study_123","study_14","study_34","study_50","study_52","study_7"],"license":"Public","name":"one-hundred-plants-shape","url":"https://www.openml.org/d/1492","version":1,"distribution":[{"@type":"cr:FileObject","@id":"data-file","name":"data-file","description":"Data file belonging to the dataset.","contentUrl":"https://data.openml.org/datasets/0000/1492/dataset_1492.pq","encodingFormat":"application/x-parquet","md5":"4af3e271929fb90435fd16274e910f86"}],"recordSet":[{"@type":"cr:RecordSet","name":"data-file-description","description":"Listing the fields of the data.","field":[{"@type":"cr:Field","@id":"features/0-V1","name":"V1","description":"V1 - a field.","dataType":["sc:Float","sc:Integer"],"source":{"fileObject":{"@id":"data-file"},"extract":{"column":"V1"}}},{"@type":"cr:Field","@id":"features/1-V2","name":"V2","description":"V2 - a field.","dataType":["sc:Float","sc:Integer"],"source":{"fileObject":{"@id":"data-file"},"extract":{"column":"V2"}}},{"@type":"cr:Field","@id":"features/2-V3","name":"V3","description":"V3 - a field.","dataType":["sc:Float","sc:Integer"],"source":{"fileObject":{"@id":"data-file"},"extract":{"column":"V3"}}},{"@type":"cr:Field","@id":"features/3-V4","name":"V4","description":"V4 - a field.","dataType":["sc:Float","sc:Integer"],"source":{"fileObject":{"@id":"data-file"},"extract":{"column":"V4"}}},{"@type":"cr:Field","@id":"features/4-V5","name":"V5","description":"V5 - a field.","dataType":["sc:Float","sc:Integer"],"source":{"fileObject":{"@id":"data-file"},"extract":{"column":"V5"}}},{"@type":"cr:Field","@id":"features/5-V6","name":"V6","description":"V6 - a field.","dataType":["sc:Float","sc:Integer"],"source":{"fileObject":{"@id":"data-file"},"extract":{"column":"V6"}}},{"@type":"cr:Field","@id":"features/6-V7","name":"V7","description":"V7 - a field.","dataType":["sc:Float","sc:Integer"],"source":{"fileObject":{"@id":"data-file"},"extract":{"column":"V7"}}},{"@type":"cr:Field","@id":"features/7-V8","name":"V8","description":"V8 - a field.","dataType":["sc:Float","sc:Integer"],"source":{"fileObject":{"@id":"data-file"},"extract":{"column":"V8"}}},{"@type":"cr:Field","@id":"features/8-V9","name":"V9","description":"V9 - a field.","dataType":["sc:Float","sc:Integer"],"source":{"fileObject":{"@id":"data-file"},"extract":{"column":"V9"}}},{"@type":"cr:Field","@id":"features/9-V10","name":"V10","description":"V10 - a field.","dataType":["sc:Float","sc:Integer"],"source":{"fileObject":{"@id":"data-file"},"extract":{"column":"V10"}}},{"@type":"cr:Field","@id":"features/10-V11","name":"V11","description":"V11 - a field.","dataType":["sc:Float","sc:Integer"],"source":{"fileObject":{"@id":"data-file"},"extract":{"column":"V11"}}},{"@type":"cr:Field","@id":"features/11-V12","name":"V12","description":"V12 - a field.","dataType":["sc:Float","sc:Integer"],"source":{"fileObject":{"@id":"data-file"},"extract":{"column":"V12"}}},{"@type":"cr:Field","@id":"features/12-V13","name":"V13","description":"V13 - a field.","dataType":["sc:Float","sc:Integer"],"source":{"fileObject":{"@id":"data-file"},"extract":{"column":"V13"}}},{"@type":"cr:Field","@id":"features/13-V14","name":"V14","description":"V14 - a field.","dataType":["sc:Float","sc:Integer"],"source":{"fileObject":{"@id":"data-file"},"extract":{"column":"V14"}}},{"@type":"cr:Field","@id":"features/14-V15","name":"V15","description":"V15 - a field.","dataType":["sc:Float","sc:Integer"],"source":{"fileObject":{"@id":"data-file"},"extract":{"column":"V15"}}},{"@type":"cr:Field","@id":"features/15-V16","name":"V16","description":"V16 - a field.","dataType":["sc:Float","sc:Integer"],"source":{"fileObject":{"@id":"data-file"},"extract":{"column":"V16"}}},{"@type":"cr:Field","@id":"features/16-V17","name":"V17","description":"V17 - a field.","dataType":["sc:Float","sc:Integer"],"source":{"fileObject":{"@id":"data-file"},"extract":{"column":"V17"}}},{"@type":"cr:Field","@id":"features/17-V18","name":"V18","description":"V18 - a field.","dataType":["sc:Float","sc:Integer"],"source":{"fileObject":{"@id":"data-file"},"extract":{"column":"V18"}}},{"@type":"cr:Field","@id":"features/18-V19","name":"V19","description":"V19 - a field.","dataType":["sc:Float","sc:Integer"],"source":{"fileObject":{"@id":"data-file"},"extract":{"column":"V19"}}},{"@type":"cr:Field","@id":"features/19-V20","name":"V20","description":"V20 - a field.","dataType":["sc:Float","sc:Integer"],"source":{"fileObject":{"@id":"data-file"},"extract":{"column":"V20"}}},{"@type":"cr:Field","@id":"features/20-V21","name":"V21","description":"V21 - a field.","dataType":["sc:Float","sc:Integer"],"source":{"fileObject":{"@id":"data-file"},"extract":{"column":"V21"}}},{"@type":"cr:Field","@id":"features/21-V22","name":"V22","description":"V22 - a field.","dataType":["sc:Float","sc:Integer"],"source":{"fileObject":{"@id":"data-file"},"extract":{"column":"V22"}}},{"@type":"cr:Field","@id":"features/22-V23","name":"V23","description":"V23 - a field.","dataType":["sc:Float","sc:Integer"],"source":{"fileObject":{"@id":"data-file"},"extract":{"column":"V23"}}},{"@type":"cr:Field","@id":"features/23-V24","name":"V24","description":"V24 - a field.","dataType":["sc:Float","sc:Integer"],"source":{"fileObject":{"@id":"data-file"},"extract":{"column":"V24"}}},{"@type":"cr:Field","@id":"features/24-V25","name":"V25","description":"V25 - a field.","dataType":["sc:Float","sc:Integer"],"source":{"fileObject":{"@id":"data-file"},"extract":{"column":"V25"}}},{"@type":"cr:Field","@id":"features/25-V26","name":"V26","description":"V26 - a field.","dataType":["sc:Float","sc:Integer"],"source":{"fileObject":{"@id":"data-file"},"extract":{"column":"V26"}}},{"@type":"cr:Field","@id":"features/26-V27","name":"V27","description":"V27 - a field.","dataType":["sc:Float","sc:Integer"],"source":{"fileObject":{"@id":"data-file"},"extract":{"column":"V27"}}},{"@type":"cr:Field","@id":"features/27-V28","name":"V28","description":"V28 - a field.","dataType":["sc:Float","sc:Integer"],"source":{"fileObject":{"@id":"data-file"},"extract":{"column":"V28"}}},{"@type":"cr:Field","@id":"features/28-V29","name":"V29","description":"V29 - a field.","dataType":["sc:Float","sc:Integer"],"source":{"fileObject":{"@id":"data-file"},"extract":{"column":"V29"}}},{"@type":"cr:Field","@id":"features/29-V30","name":"V30","description":"V30 - a field.","dataType":["sc:Float","sc:Integer"],"source":{"fileObject":{"@id":"data-file"},"extract":{"column":"V30"}}},{"@type":"cr:Field","@id":"features/30-V31","name":"V31","description":"V31 - a field.","dataType":["sc:Float","sc:Integer"],"source":{"fileObject":{"@id":"data-file"},"extract":{"column":"V31"}}},{"@type":"cr:Field","@id":"features/31-V32","name":"V32","description":"V32 - a field.","dataType":["sc:Float","sc:Integer"],"source":{"fileObject":{"@id":"data-file"},"extract":{"column":"V32"}}},{"@type":"cr:Field","@id":"features/32-V33","name":"V33","description":"V33 - a field.","dataType":["sc:Float","sc:Integer"],"source":{"fileObject":{"@id":"data-file"},"extract":{"column":"V33"}}},{"@type":"cr:Field","@id":"features/33-V34","name":"V34","description":"V34 - a field.","dataType":["sc:Float","sc:Integer"],"source":{"fileObject":{"@id":"data-file"},"extract":{"column":"V34"}}},{"@type":"cr:Field","@id":"features/34-V35","name":"V35","description":"V35 - a field.","dataType":["sc:Float","sc:Integer"],"source":{"fileObject":{"@id":"data-file"},"extract":{"column":"V35"}}},{"@type":"cr:Field","@id":"features/35-V36","name":"V36","description":"V36 - a field.","dataType":["sc:Float","sc:Integer"],"source":{"fileObject":{"@id":"data-file"},"extract":{"column":"V36"}}},{"@type":"cr:Field","@id":"features/36-V37","name":"V37","description":"V37 - a field.","dataType":["sc:Float","sc:Integer"],"source":{"fileObject":{"@id":"data-file"},"extract":{"column":"V37"}}},{"@type":"cr:Field","@id":"features/37-V38","name":"V38","description":"V38 - a field.","dataType":["sc:Float","sc:Integer"],"source":{"fileObject":{"@id":"data-file"},"extract":{"column":"V38"}}},{"@type":"cr:Field","@id":"features/38-V39","name":"V39","description":"V39 - a field.","dataType":["sc:Float","sc:Integer"],"source":{"fileObject":{"@id":"data-file"},"extract":{"column":"V39"}}},{"@type":"cr:Field","@id":"features/39-V40","name":"V40","description":"V40 - a field.","dataType":["sc:Float","sc:Integer"],"source":{"fileObject":{"@id":"data-file"},"extract":{"column":"V40"}}},{"@type":"cr:Field","@id":"features/40-V41","name":"V41","description":"V41 - a field.","dataType":["sc:Float","sc:Integer"],"source":{"fileObject":{"@id":"data-file"},"extract":{"column":"V41"}}},{"@type":"cr:Field","@id":"features/41-V42","name":"V42","description":"V42 - a field.","dataType":["sc:Float","sc:Integer"],"source":{"fileObject":{"@id":"data-file"},"extract":{"column":"V42"}}},{"@type":"cr:Field","@id":"features/42-V43","name":"V43","description":"V43 - a field.","dataType":["sc:Float","sc:Integer"],"source":{"fileObject":{"@id":"data-file"},"extract":{"column":"V43"}}},{"@type":"cr:Field","@id":"features/43-V44","name":"V44","description":"V44 - a field.","dataType":["sc:Float","sc:Integer"],"source":{"fileObject":{"@id":"data-file"},"extract":{"column":"V44"}}},{"@type":"cr:Field","@id":"features/44-V45","name":"V45","description":"V45 - a field.","dataType":["sc:Float","sc:Integer"],"source":{"fileObject":{"@id":"data-file"},"extract":{"column":"V45"}}},{"@type":"cr:Field","@id":"features/45-V46","name":"V46","description":"V46 - a field.","dataType":["sc:Float","sc:Integer"],"source":{"fileObject":{"@id":"data-file"},"extract":{"column":"V46"}}},{"@type":"cr:Field","@id":"features/46-V47","name":"V47","description":"V47 - a field.","dataType":["sc:Float","sc:Integer"],"source":{"fileObject":{"@id":"data-file"},"extract":{"column":"V47"}}},{"@type":"cr:Field","@id":"features/47-V48","name":"V48","description":"V48 - a field.","dataType":["sc:Float","sc:Integer"],"source":{"fileObject":{"@id":"data-file"},"extract":{"column":"V48"}}},{"@type":"cr:Field","@id":"features/48-V49","name":"V49","description":"V49 - a field.","dataType":["sc:Float","sc:Integer"],"source":{"fileObject":{"@id":"data-file"},"extract":{"column":"V49"}}},{"@type":"cr:Field","@id":"features/49-V50","name":"V50","description":"V50 - a field.","dataType":["sc:Float","sc:Integer"],"source":{"fileObject":{"@id":"data-file"},"extract":{"column":"V50"}}},{"@type":"cr:Field","@id":"features/50-V51","name":"V51","description":"V51 - a field.","dataType":["sc:Float","sc:Integer"],"source":{"fileObject":{"@id":"data-file"},"extract":{"column":"V51"}}},{"@type":"cr:Field","@id":"features/51-V52","name":"V52","description":"V52 - a field.","dataType":["sc:Float","sc:Integer"],"source":{"fileObject":{"@id":"data-file"},"extract":{"column":"V52"}}},{"@type":"cr:Field","@id":"features/52-V53","name":"V53","description":"V53 - a field.","dataType":["sc:Float","sc:Integer"],"source":{"fileObject":{"@id":"data-file"},"extract":{"column":"V53"}}},{"@type":"cr:Field","@id":"features/53-V54","name":"V54","description":"V54 - a field.","dataType":["sc:Float","sc:Integer"],"source":{"fileObject":{"@id":"data-file"},"extract":{"column":"V54"}}},{"@type":"cr:Field","@id":"features/54-V55","name":"V55","description":"V55 - a field.","dataType":["sc:Float","sc:Integer"],"source":{"fileObject":{"@id":"data-file"},"extract":{"column":"V55"}}},{"@type":"cr:Field","@id":"features/55-V56","name":"V56","description":"V56 - a field.","dataType":["sc:Float","sc:Integer"],"source":{"fileObject":{"@id":"data-file"},"extract":{"column":"V56"}}},{"@type":"cr:Field","@id":"features/56-V57","name":"V57","description":"V57 - a field.","dataType":["sc:Float","sc:Integer"],"source":{"fileObject":{"@id":"data-file"},"extract":{"column":"V57"}}},{"@type":"cr:Field","@id":"features/57-V58","name":"V58","description":"V58 - a field.","dataType":["sc:Float","sc:Integer"],"source":{"fileObject":{"@id":"data-file"},"extract":{"column":"V58"}}},{"@type":"cr:Field","@id":"features/58-V59","name":"V59","description":"V59 - a field.","dataType":["sc:Float","sc:Integer"],"source":{"fileObject":{"@id":"data-file"},"extract":{"column":"V59"}}},{"@type":"cr:Field","@id":"features/59-V60","name":"V60","description":"V60 - a field.","dataType":["sc:Float","sc:Integer"],"source":{"fileObject":{"@id":"data-file"},"extract":{"column":"V60"}}},{"@type":"cr:Field","@id":"features/60-V61","name":"V61","description":"V61 - a field.","dataType":["sc:Float","sc:Integer"],"source":{"fileObject":{"@id":"data-file"},"extract":{"column":"V61"}}},{"@type":"cr:Field","@id":"features/61-V62","name":"V62","description":"V62 - a field.","dataType":["sc:Float","sc:Integer"],"source":{"fileObject":{"@id":"data-file"},"extract":{"column":"V62"}}},{"@type":"cr:Field","@id":"features/62-V63","name":"V63","description":"V63 - a field.","dataType":["sc:Float","sc:Integer"],"source":{"fileObject":{"@id":"data-file"},"extract":{"column":"V63"}}},{"@type":"cr:Field","@id":"features/63-V64","name":"V64","description":"V64 - a field.","dataType":["sc:Float","sc:Integer"],"source":{"fileObject":{"@id":"data-file"},"extract":{"column":"V64"}}},{"@type":"cr:Field","@id":"features/64-Class","name":"Class","description":"Class - the default target field - this field is configured as an enumeration, but the enumeration is omitted because there are too many values.","dataType":"sc:Text","source":{"fileObject":{"@id":"data-file"},"extract":{"column":"Class"}}}]}]}